{
  "accuracy": 0.8804477486053041,
  "balanced_accuracy": 0.7940808520233421,
  "kappa": 0.768621318866414,
  "classification_report": {
    "N1": {
      "precision": 0.3484657419083649,
      "recall": 0.5778345724907064,
      "f1-score": 0.4347522069749148,
      "support": 4304.0
    },
    "N2": {
      "precision": 0.8635700389105059,
      "recall": 0.7704491212844434,
      "f1-score": 0.8143561518174521,
      "support": 13827.0
    },
    "N3": {
      "precision": 0.7016929363689434,
      "recall": 0.9217791411042945,
      "f1-score": 0.7968180311567783,
      "support": 2608.0
    },
    "R": {
      "precision": 0.655069086066256,
      "recall": 0.7615637700793497,
      "f1-score": 0.7043135851082871,
      "support": 5167.0
    },
    "W": {
      "precision": 0.9908480780964003,
      "recall": 0.9387776551579169,
      "f1-score": 0.9641103135625236,
      "support": 57087.0
    },
    "accuracy": 0.8804477486053041,
    "macro avg": {
      "precision": 0.711929176270094,
      "recall": 0.7940808520233421,
      "f1-score": 0.7428700577239913,
      "support": 82993.0
    },
    "weighted avg": {
      "precision": 0.9063376533109168,
      "recall": 0.8804477486053041,
      "f1-score": 0.8902766642952433,
      "support": 82993.0
    }
  }
}