{
  "accuracy": 0.8008747725711807,
  "balanced_accuracy": 0.7210381484160511,
  "kappa": 0.6388071446323639,
  "classification_report": {
    "N1": {
      "precision": 0.2139662027833002,
      "recall": 0.600139405204461,
      "f1-score": 0.31546165119687347,
      "support": 4304.0
    },
    "N2": {
      "precision": 0.8318969427560555,
      "recall": 0.663195197801403,
      "f1-score": 0.7380281690140845,
      "support": 13827.0
    },
    "N3": {
      "precision": 0.6030953569645532,
      "recall": 0.9263803680981595,
      "f1-score": 0.7305715149682491,
      "support": 2608.0
    },
    "R": {
      "precision": 0.46768875700626444,
      "recall": 0.5490613508805884,
      "f1-score": 0.5051188462565654,
      "support": 5167.0
    },
    "W": {
      "precision": 0.992674507285353,
      "recall": 0.8664144200956435,
      "f1-score": 0.9252569846510714,
      "support": 57087.0
    },
    "accuracy": 0.8008747725711807,
    "macro avg": {
      "precision": 0.6218643533591053,
      "recall": 0.7210381484160511,
      "f1-score": 0.6428874332173687,
      "support": 82993.0
    },
    "weighted avg": {
      "precision": 0.8805776349822415,
      "recall": 0.8008747725711807,
      "f1-score": 0.8301650441860118,
      "support": 82993.0
    }
  }
}