{
  "mean_all": 0.9194003901100333,
  "mean_correct": 0.9464957080154393,
  "mean_incorrect": 0.6395867795422077,
  "std_all": 0.1540248367798959
}