{
  "means": [
    0.08559276083525111,
    0.05808923644162754,
    0.05005361897991391,
    0.04026002192956026,
    0.05667224946682246,
    0.0017374959333919082,
    0.06679478992204158,
    0.009044136252454982,
    0.07965370573421847,
    0.04005518537707994,
    0.07494126010627397,
    0.03483305820972847,
    0.0810008072970009,
    0.000763919848661887,
    0.05031870157724141,
    0.004797995011627421,
    0.0014302411046714259,
    0.10707288566505602,
    0.0455845673731519,
    0.0234092031858108,
    0.0006434277589675741,
    0.020690901642307125,
    0.019698046823226012,
    0.005693251238056174
  ],
  "stds": [
    0.0007925998601587008,
    0.0005753166077835738,
    0.0005374392948579432,
    0.0007193700674375755,
    0.0009488352327281137,
    0.0002754397515401133,
    0.000525026220544724,
    0.0003651208553303203,
    0.0006955650484247427,
    0.000421069429953221,
    0.0006504162555266609,
    0.00036289729080959417,
    0.0008065818243820442,
    0.0001705888861268433,
    0.0007982625950001288,
    0.0003378852576739965,
    0.00035519833671348135,
    0.0010009702222358032,
    0.0009759234471442063,
    0.0005875221970037367,
    0.00023402777547609552,
    0.0004229186526822987,
    0.0005348491717406111,
    0.00024630245443820294
  ],
  "feature_names": [
    "f00",
    "f01",
    "f02",
    "f03",
    "f04",
    "f05",
    "f06",
    "f07",
    "f08",
    "f09",
    "f10",
    "f11",
    "f12",
    "f13",
    "f14",
    "f15",
    "f16",
    "f17",
    "f18",
    "f19",
    "f20",
    "f21",
    "f22",
    "f23"
  ]
}